0,0,0,0,0,0,0,0,0,0,0,0,0,0,0,0,0,0,0,0,0,0,0,0,0,0,0,0,0,0,0,0,0,0,0,0,0,0,0,0,0,0,0,0
0,0,0,0,0,0,0,0,0,0,0,0,0,0,0,0,0,0,0,0,0,0,0,0,0,0,0,0,0,0,0,0,0,0,0,0,0,0,0,0,0,0,0,0
0,0,0.0024223,0,0,0,0,0,0.01493,0,0,0,0,0.0082536,0,0,0,0,0,0.019166,0,0.024985,0,0,0,0.018922,0,0,0,0,0.061652,0,0,0,0,0,0,0,0,0,0,0,0,0
0,0,0,0,0,0,0.13951,0,0,0,0,0,0.065495,0,0,0,0,0,0,0,0,0,0,0,0,0,0,0,0.036688,0,0.080133,0,0,-0.088317,-0.0057753,0,-0.20769,0,0,0,0,0,0,0
0,0,0,0,0,0,0.17398,0,0,0,0,0,0.076116,0,0,0,0,0,0,0,0.015389,0,0,0,0,0,0,0,0.045337,0,0.091756,0,0,-0.1005,-0.018506,0,-0.23425,0,0,0,0,0,0,0
0,0,0.036325,0,0,0,0,0,0,0,0,0,0.026464,0.045677,0,0,0,0,0,0.025444,0,0.053099,0,0,0.027821,0.045482,0,0.056915,0.032343,0,0,0.033221,0,0,-0.0041593,0,0,0,0,0,0,0,0,0
0,0,0.0094798,0,0,0,0,0,0,0,0,0,0,0.039723,0,0,0,0,0,0,0,0,0,0,0.013777,0.0035497,0,0.029349,0.016845,0,0,0.017612,0,0,-0.0093545,0,0,0,0,0,0,0,0,0
0,0,0,0,0,0,0,0,0,0,0,0,0,0,0,0,0,0,0,0,0,0,0,0,0,0,0,0,0,0,0,0,0,0,0,0,0,0,0,0,0,0,0,0
0,0,0,0,0,0,0,0,0,0,0,0,0,0,0,0,0,0,0,0,0,0,0,0,0,0,0,0,0,0,0,0,0,0,0,0,0,0,0,0,0,0,0,0
0,0,0,0,0,0,0,0,0,0,0,0,0,0,0,0,0,0,0,0,0,0,0,0,0,0,0,0,0,0,0,0,0,0,0,0,0,0,0,0,0,0,0,0
0,0,0,0,0,0,0,0,0,0,0,0,0,0,0,0,0,0,0,0,0,0,0,0,0,0,0,0,0,0,0,0,0,0,0,0,0,0,0,0,0,0,0,0
0,0,0,0,0,0,0,0,0,0,0,0,0,0,0,0,0,0,0,0,0,0,0,0,0,0,0,0,0,0,0,0,0,0,0,0,0,0,0,0,0,0,0,0
0,0,0,0,0,0,0,0,0,0,0,0,0,0,0,0,0,0,0,0,0,0,0,0,0,0,0,0,0,0,0,0,0,0,0,0,0,0,0,0,0,0,0,0
0,0.0040386,0,0,0,0,0,0,0.12556,0,0,0.058953,0.024992,0.23621,0,0,0,0.21692,0,0.1321,0,0.031328,0.024399,0.15559,0.10305,0,0.0027423,0.14651,0.11138,0,0,0.11283,0,0,0,0,-0.15754,0,0,-0.096056,-0.049328,0,0,-0.12035
0,0.028797,0,0,0,0,0,0,0.13234,0,0,0.072609,0.031538,0.24968,0,0,0,0.22951,0,0.15011,0,0.038236,0.044747,0.18392,0.11406,0,0.02024,0.17041,0.12286,0,0,0.12439,0,0,0,0,-0.19359,0,0,-0.10189,-0.06572,0,0,-0.13788
0,0.038003,0,0,0,0,0,0,0.1403,0,0,0.059685,0.025448,0.25022,0,0,0,0.23033,0,0.14604,0,0.031628,0.044204,0.18871,0.10378,0,0.040746,0.14755,0.1165,0,0,0.11333,0,0,0,0,-0.21426,0,0,-0.10877,-0.084561,0,0,-0.13325
0,0,0.0090725,0,0,0,0,0,0.0053902,0,0,0,0,0.03345,0,0,0,0,0,0,0,0,0,0,0.019988,0,0,0,0,0,0,0.042467,0,0,-0.02087,0,0,0,0,0,0,0,0,0
0,0,0,0,0,0,0,0,0,0,0,0,0,0,0,0,0,0,0,0,0,0,0,0,0,0,0,0,0,0,0,0,0,0,0,0,0,0,0,0,0,0,0,0
0,0,0.11756,0.0045026,0.085283,0.17196,0,0,0,0,0,0,0.036653,0,0,0,0,0,0,0,0,0,0,0.066206,0,0.15435,0,0.0098313,0,0,0.19608,0,0,0,-0.054074,0,0,0,-0.036926,-0.033223,0,0,-0.083948,0
0,0,0,0,0,0,0,0,0,0,0,0,0,0,0,0,0,0,0,0,0,0,0,0,0,0,0,0,0,0,0,0,0,0,0,0,0,0,0,0,0,0,0,0
0.00055171,0,0,0.35433,0,0,0.071159,0,0,0,0.23942,0.23582,0,0,0,0,0,0,0,0.15392,0,0,0.64476,0.22244,0,0,0,0,0,0,0,0.52618,0,0,-0.10279,0,-0.22403,0,-0.13768,0,0,0,0,0
0.11459,0.00013796,0,0,0.45989,0,1.0255,0,0.21906,0,0.5507,0,0,0,0,0,-0.076197,0.063912,0,0.42851,0,0,0.51423,0.8317,0.2975,0.13164,0.072871,0,0,0,0.29664,0.37069,0.18551,0,-0.60008,0,0,-0.1333,0,-0.43859,-0.99372,-0.33027,-0.58331,0
0,0,0,0,0,0,0,0,0,0,0,0,0,0,0,0,0,0,0,0,0,0,0,0,0,0,0,0,0,0,0,0,0,0,0,0,0,0,0,0,0,0,0,0
0,0,0,0,0,0,0,0,0,0,0,0,0,0,0,0,0,0,0,0,0,0,0,0,0,0,0,0,0,0,0,0,0,0,0,0,0,0,0,0,0,0,0,0
0,0,0,0,0,0,0,0,0,0,0,0,0,0,0,0,0,0,0,0,0,0,0,0,0,0,0,0,0,0,0,0,0,0,0,0,0,0,0,0,0,0,0,0
0,0,0,0,0,0,0,0,0,0,0,0,0,0,0,0,0,0,0,0,0,0,0,0,0,0,0,0,0,0,0,0,0,0,0,0,0,0,0,0,0,0,0,0
0,0,0,0,0,0,0,0,0,0,0,0,0,0,0,0,0,0,0,0,0,0,0,0,0,0,0,0,0,0,0,0,0,0,0,0,0,0,0,0,0,0,0,0
0,0,0,0,0,0,0,0,0,0,0,0,0,0,0,0,0,0,0,0,0,0,0,0,0,0,0,0,0,0,0,0,0,0,0,0,0,0,0,0,0,0,0,0
0,0,0,0,0,0,0,0,0,0,0,0,0,0,0,0,0,0,0,0,0,0,0,0,0,0,0,0,0,0,0,0,0,0,0,0,0,0,0,0,0,0,0,0
0,0,0,0,0,0,0,0,0,0,0,0,0,0,0,0,0,0,0,0,0,0,0,0,0,0,0,0,0,0,0,0,0,0,0,0,0,0,0,0,0,0,0,0
0,0,0,0,0,0,0,0,0,0,0,0,0,0,0,0,0,0,0,0,0,0,0,0,0,0,0,0,0,0,0,0,0,0,0,0,0,0,0,0,0,0,0,0
0,0,0,0,0,0,0,0,0,0,0,0,0,0,0,0,0,0,0,0,0,0,0,0,0,0,0,0,0,0,0,0,0,0,0,0,0,0,0,0,0,0,0,0
0,0,0,0,0,0,0,0,0,0,0,0,0,0,0,0,0,0,0,0,0,0,0,0,0,0,0,0,0,0,0,0,0,0,0,0,0,0,0,0,0,0,0,0
0,0,0,0,0,0,0,0,0,0,0,0,0,0,0,0,0,0,0,0,0,0,0,0,0,0,0,0,0,0,0,0,0,0,0,0,0,0,0,0,0,0,0,0
0,0,0,0,0,0,0,0,0,0,0,0,0,0,0,0,0,0,0,0,0,0,0,0,0,0,0,0,0,0,0,0,0,0,0,0,0,0,0,0,0,0,0,0
0,0,0,0,0,0,0,0,0,0,0,0,0,0,0,0,0,0,0,0,0,0,0,0,0,0,0,0,0,0,0,0,0,0,0,0,0,0,0,0,0,0,0,0
0,0,0,0,0,0,0,0,0,0,0,0,0,0,0,0,0,0,0,0,0,0,0,0,0,0,0,0,0,0,0,0,0,0,0,0,0,0,0,0,0,0,0,0
0,0,0,0,0,0,0,0,0,0,0,0,0,0,0,0,0,0,0,0,0,0,0,0,0,0,0,0,0,0,0,0,0,0,0,0,0,0,0,0,0,0,0,0
0,0,0,0,0,0,0,0,0,0,0,0,0,0,0,0,0,0,0,0,0,0,0,0,0,0,0,0,0,0,0,0,0,0,0,0,0,0,0,0,0,0,0,0
0,0,0,0,0,0,0,0,0,0,0,0,0,0,0,0,0,0,0,0,0,0,0,0,0,0,0,0,0,0,0,0,0,0,0,0,0,0,0,0,0,0,0,0
0,0,0.0099319,0,0,0,0,0,0.041156,0,0,0,0,0.057327,0,0,0,0,0.060175,0,0,0,0,0,0.052658,0,0,0,0.065144,0,0,0,0,0,0,0,0,0,0,0,0,0,0,0
0,0,0.010292,0,0,0,0,0,0.041597,0,0,0,0,0.057464,0,0,0,0,0.060046,0,0,0,0,0,0.051827,0,0,0,0.090362,0,0,0,0,0,0,0,0,0,0,0,0,0,0,0
0,0,0.0060312,0,0,0,0,0,0.074215,0,0,0,0,0.054124,0,0,0,0,0.05221,0,0,0.0091966,0,0,0.041569,0,0,0,0.063433,0,0,0,0,0,0,0,0,0,0,0,0,0,0,0
0,0,0.0056029,0,0,0,0,0,0.072966,0,0,0,0,0.053011,0,0,0,0,0.051327,0,0,0.0082563,0,0,0.04046,0,0,0,0.060502,0,0,0,0,0,0,0,0,0,0,0,0,0,0,0
0,0,0.0069365,0,0,0,0,0,0.075065,0,0,0.00057385,0,0.054845,0,0,0,0,0.053228,0,0,0.0094751,0,0,0.042127,0,0,0,0.064723,0,0,0,0,0,0,0,0,0,0,0,0,0,0,0
0,0,0.017713,0,0,0,0,0,0.050557,0,0,0,0,0.065736,0,0,0,0,0.067626,0,0,0,0,0,0.05525,0,0,0,0.098144,0,0,0,0,0,0,0,0,0,0,0,0,0,0,0
0,0,0.016032,0,0,0,0,0,0.04844,0,0,0,0,0.063392,0,0,0,0,0.064874,0,0,0,0,0,0.052694,0,0,0,0.091875,0,0,0,0,0,0,0,0,0,0,0,0,0,0,0
0,0,0.0071412,0,0,0,0,0,0.036873,0,0,0,0,0.050565,0,0,0,0,0.079358,0,0,0,0,0,0.041077,0,0,0,0.061725,0,0,0,0,0,0,0,0,0,0,0,0,0,0,0
0,0,0.0072667,0,0,0,0,0,0.072002,0,0,0.0020633,0,0.05197,0,0,0,0,0.053553,0,0,0.0096103,0,0,0.042307,0,0,0,0.065178,0,0,0,0,0,0,0,0,0,0,0,0,0,0,0
0,0,0.017642,0,0,0,0,0,0.052066,0,0,0,0,0.051537,0,0,0,0,0.057328,0,0,0,0,0,0.019275,0,0,0,0.058944,0,0,0,0,0,0,0,0,0,0,0,0,0,0,0
0,0,0.016162,0,0,0,0,0,0.048653,0,0,0,0,0.06366,0,0,0,0,0.063402,0,0,0,0,0,0.051062,0,0,0,0.089195,0,0,0,0,0,0,0,0,0,0,0,0,0,0,0
0,0,0,0,0.091045,0.0318,0,0,0,0,0,0,0,0,0,0,0,0,0,0,0,0.032728,0,0.069272,0,0.035479,0,0.0037909,0,0,0.11035,0,0,0,0,0,0,0,0,-0.0081708,0,0,-0.085422,0
0,0,0,0,0.0497,0.033729,0,0,0,0,0,0,0,0,0,0,0,0,0,0,0,0.01124,0,0.017225,0,0.014714,0,0.0052751,0,0,0.11303,0,0,0,0,0,0,0,0,-0.0097228,0,0,0,0
0,0,0,0,0,0,0,0,0,0,0,0,0,0,0,0,0,0,0,0,0,0,0,0,0,0,0,0,0,0,0,0,0,0,0,0,0,0,0,0,0,0,0,0
0,0,0,0,0,0,0,0,0,0,0,0,0,0,0,0,0,0,0,0,0,0,0,0,0,0,0,0,0,0,0,0,0,0,0,0,0,0,0,0,0,0,0,0
0,0,0,0,0,0,0,0,0,0,0,0,0,0,0,0,0,0,0,0,0,0,0,0,0,0,0,0,0,0,0,0,0,0,0,0,0,0,0,0,0,0,0,0
0,0,0,0,0.10548,0.022105,0.094395,0,0,0,0.032738,0,0,0,0,0,0,0,0,0.046247,0,0,0.09764,0.31971,0.0097227,0.015132,0,0,0,0,0.15586,0.026055,0,0,-0.17336,0,-0.014341,0,0,0,-0.074761,0,-0.27848,0
0,0,0,0,0,0,0,0,0,0,0,0,0,0,0,0,0,0,0,0,0,0,0,0,0,0,0,0,0,0,0,0,0,0,0,0,0,0,0,0,0,0,0,0
0,0,0,0,0,0,0,0,0,0,0,0,0,0,0,0,0,0,0,0,0,0,0,0,0,0,0,0,0,0,0,0,0,0,0,0,0,0,0,0,0,0,0,0
0,0,0,0,0,0,0,0,0,0,0,0,0,0,0,0,0,0,0,0,0,0,0,0,0,0,0,0,0,0,0,0,0,0,0,0,0,0,0,0,0,0,0,0
0,0,0,0,0,0,0,0,0,0,0,0,0,0,0,0,0,0,0,0,0,0,0,0,0,0,0,0,0,0,0,0,0,0,0,0,0,0,0,0,0,0,0,0
0,0,0,0,0,0,0,0,0,0,0,0,0,0,0,0,0,0,0,0,0,0,0,0,0,0,0,0,0,0,0,0,0,0,0,0,0,0,0,0,0,0,0,0
0,0,0,0,0,0,0,0,0,0,0,0,0,0,0,0,0,0,0,0,0,0,0,0,0,0,0,0,0,0,0,0,0,0,0,0,0,0,0,0,0,0,0,0
0,0,0,0,0,0,0,0,0,0,0,0,0,0.0070111,0,0,0,0.00061563,0,0,0,0.00024785,0,0,0,0,0,0,0,0,0,0,0,0,0,0,0,0,0,0,0,0,0,0
0,0,0,0,0,0,0,0,0,0,0,0,0,0.0080672,0,0,0,0.0014883,0,0,0,0,0,0,0,0,0,0,0,0,0,0,0,0,0,0,0,0,0,0,0,0,0,0
0,0,0,0,0,0,0,0,0,0,0,0,0,0.0052473,0,0,0,0,0,0,0,0,0,0,0,0,0,0.030703,0,0,0,0,0,0,0,0,0,0,0,0,0,0,0,0
0,0,0,0,0,0,0,0,0,0,0,0,0,0.0076012,0,0,0,0.0010088,0,0,0,0,0,0,0,0,0,0,0,0,0,0,0,0,0,0,0,0,0,0,0,0,0,0
0,0,0,0,0,0,0,0,0,0,0,0,0,0.0072395,0,0,0,0.00085369,0,0,0,0,0,0,0,0,0,0,0,0,0,0,0,0,0,0,0,0,0,0,0,0,0,0
0,0,0,0,0,0,0,0,0,0,0,0,0,0.0070164,0,0,0,0.00064381,0,0,0,0,0,0,0,0,0,0,0,0,0,0,0,0,0,0,0,0,0,0,0,0,0,0
0,0,0,0,0,0,0,0,0,0,0,0,0,0.0067462,0,0,0,0.00039149,0,0,0,0,0,0,0,0,0,0,0,0,0,0,0,0,0,0,0,0,0,0,0,0,0,0
0,0,0,0,0,0,0,0,0,0,0,0,0,0.0068741,0,0,0,0.00051091,0,0,0,0,0,0,0,0,0,0,0,0,0,0,0,0,0,0,0,0,0,0,0,0,0,0
0,0,0,0,0,0,0,0,0,0,0,0,0,0.0070196,0,0,0,0.00064686,0,0,0,0,0,0,0,0,0,0,0,0,0,0,0,0,0,0,0,0,0,0,0,0,0,0
0,0,0,0,0,0,0,0,0,0,0,0,0,0.0069404,0,0,0,0.00057286,0,0,0,0,0,0,0,0,0,0,0,0,0,0,0,0,0,0,0,0,0,0,0,0,0,0
0,0,0,0,0,0,0,0,0,0,0,0,0,0.0074854,0,0,0,0.00045715,0,0,0,0,0,0,0,0,0,0,0,0,0,0,0,0,0,0,0,0,0,0,0,0,0,0
0,0,0,0,0,0,0,0,0,0,0,0,0,0.0073481,0,0,0,0.00055163,0,0,0,0,0,0,0,0,0,0,0,0,0,0,0,0,0,0,0,0,0,0,0,0,0,0
0,0,0,0,0,0,0,0,0,0,0,0,0,0.0069392,0,0,0,0.00052712,0,0,0,0,0,0,0,0,0,0,0,0,0,0,0,0,0,0,0,0,0,0,0,0,0,0
0,0,0,0,0,0,0,0,0,0,0,0,0,0.0091874,0,0,0,0,0,0,0,0,0,0,0,0,0,0,0,0,0,0,0,0,0,0,0,0,0,0,0,0,0,0
0,0,0,0,0,0,0,0,0,0,0,0,0,0.0091917,0,0,0,0,0,0,0,0,0,0,0,0,0,0,0,0,0,0,0,0,0,0,0,0,0,0,0,0,0,0
0,0,0,0,0,0,0,0,0,0,0,0,0,0.0071143,0,0,0,0.00073678,0,0,0,0,0,0,0,0,0,0,0,0,0,0,0,0,0,0,0,0,0,0,0,0,0,0
0,0,0,0,0,0,0,0,0,0,0,0,0,0.007117,0,0,0,0.00073929,0,0,0,0,0,0,0,0,0,0,0,0,0,0,0,0,0,0,0,0,0,0,0,0,0,0
0,0,0,0,0,0,0,0,0,0,0,0,0,0.0069599,0,0,0,0.00059261,0,0,0,0,0,0,0,0,0,0,0,0,0,0,0,0,0,0,0,0,0,0,0,0,0,0
0,0,0,0,0,0,0,0,0,0,0,0,0,0.0071289,0,0,0,0.00075047,0,0,0,0,0,0,0,0,0,0,0,0,0,0,0,0,0,0,0,0,0,0,0,0,0,0
0,0,0,0,0,0,0,0,0,0,0,0,0,0.0077684,0,0,0,0.0013478,0,0,0,0,0,0,0,0,0,0,0,0,0,0,0,0,0,0,0,0,0,0,0,0,0,0
0,0,0,0,0,0,0,0,0,0,0,0,0,0.006891,0,0,0,0.00052883,0,0,0,0,0,0,0,0,0,0,0,0,0,0,0,0,0,0,0,0,0,0,0,0,0,0
0,0,0,0,0,0,0,0,0,0,0,0,0,0.0069257,0,0,0,0.00056003,0,0,0,0,0,0,0,0,0,0,0,0,0,0,0,0,0,0,0,0,0,0,0,0,0,0
0,0,0,0,0,0,0,0,0,0,0,0,0,0.0064954,0,0,0,0.00016015,0,0,0,0,0,0,0,0,0,0,0,0,0,0,0,0,0,0,0,0,0,0,0,0,0,0
0,0,0,0,0,0,0,0,0,0,0,0,0,0.0064847,0,0,0,0.00015019,0,0,0,0,0,0,0,0,0,0,0,0,0,0,0,0,0,0,0,0,0,0,0,0,0,0
0,0,0,0,0,0,0,0,0,0,0,0,0,0.0064831,0,0,0,0.00014872,0,0,0,0,0,0,0,0,0,0,0,0,0,0,0,0,0,0,0,0,0,0,0,0,0,0
0,0,0,0,0,0,0,0,0,0,0,0,0,0.0064891,0,0,0,0.00015427,0,0,0,0,0,0,0,0,0,0,0,0,0,0,0,0,0,0,0,0,0,0,0,0,0,0
0,0,0,0,0,0,0,0,0,0,0,0,0,0.006489,0,0,0,0.00015419,0,0,0,0,0,0,0,0,0,0,0,0,0,0,0,0,0,0,0,0,0,0,0,0,0,0
0,0,0,0,0,0,0,0,0,0,0,0,0,0.0069959,0,0,0,0.00067383,0,0,0,0,0,0,0,0,0,0,0,0,0,0,0,0,0,0,0,0,0,0,0,0,0,0
0,0,0,0,0,0,0,0,0,0,0,0,0,0,0,0,0,0,0,0.030189,0,0.040214,0,0,0,0,0,0,0.056488,0,0,0,0,0,0,0,0,0,0,0,-0.004344,0,0,0
0,0,0,0,0,0,0,0,0,0,0,0,0,0.0039322,0,0,0,0,0,0,0,0,0,0,0,0,0,0,0,0,0,0,0,0,0,0,0,0,0,0,0,0,0,0
0,0,0,0,0,0,0,0,0,0,0,0,0,0.0075919,0,0,0,0,0,0,0,0,0,0,0,0,0,0,0,0,0,0,0,0,0,0,0,0,0,0,0,0,0,0
0,0,0,0,0.0067222,0.052225,0,0,0,0,0,0,0,0,0,0,0,0,0,0,0,0.0075712,0,0,0,0.032971,0,0,0,0,0.13153,0,0,0,0,0,0,0,0,-0.027004,0,0,0,0
0,0.031013,0.065971,0.025563,0.12013,0.13114,0,0,0,0,0,0,0.0099795,0,0,0,0,0,0,0,0,0.001762,0,0.0080436,0,0.070099,0,0.034926,0,0,0.13364,0,0,0,0,0,-0.022409,0,0,0,0,0,0,0
0,0.022657,0.057023,0.020878,0.10884,0.12217,0,0,0,0,0,0,0.002311,0,0,0,0,0,0,0,0,0,0,0.0040757,0,0.065272,0,0.029866,0,0,0.1221,0,0,0,0,0,-0.017846,0,-0.0048964,0,0,0,0,0
0,0.026323,0.060937,0.022867,0.096636,0.12572,0,0,0,0,0,0,0,0,0,0,0,0,0,0,0,0,0,0.0055239,0,0.046188,0,0.032017,0,0,0.12288,0,0,0,0,0,-0.019774,0,-0.010465,0,0,0,0,0
0,0.027848,0.062254,0.023715,0.075171,0.12688,0,0,0,0,0,0,0,0,0,0,0,0,0,0,0,0,0,0.0058393,0,0.021874,0,0.032912,0,0,0.12493,0,0,0,0,0,-0.020564,0,-0.010897,0,0,0,0,0
0,0.028414,0.060711,0.024461,0.075875,0.12509,0,0,0,0,0,0,0,0,0,0,0,0,0,0,0,0,0,0.0039295,0,0.018754,0,0.033243,0,0,0.12195,0,0,0,0,0,-0.020852,0,-0.0094075,0,0,0,0,0
0,0.028566,0.059405,0.025143,0.076948,0.12334,0,0,0,0,0,0,0,0,0,0,0,0,0,0,0,0,0,0.0022607,0,0.016901,0,0.033331,0,0,0.12025,0,0,0,0,0,-0.020916,0,-0.0071131,0,0,0,0,0
0,0.025086,0.059954,0.023487,0.072699,0.12353,0,0,0,0,0,0,0,0,0,0,0,0,0,0,0,0,0,0.004142,0,0.018442,0,0.031281,0,0,0.12141,0,0,0,0,0,-0.019054,0,-0.0081726,0,0,0,0,0
0,0,0.012259,0,0.029096,0.0030475,0,0,0.030507,0,0,0,0,0.016909,0,0,0,0,0.0044572,0,0,0.035826,0,0.054237,0,0.025045,0,0.00068331,0,0,0.072488,0,0,0,0,0,0,0,0,-0.0054298,0,0,0,0
0,0,0.012248,0,0.029075,0.0030381,0,0,0.030495,0,0,0,0,0.016898,0,0,0,0,0.0044476,0,0,0.035834,0,0.05417,0,0.025044,0,0.0006741,0,0,0.072472,0,0,0,0,0,0,0,0,-0.0054202,0,0,0,0
0,0,0.012373,0,0.029326,0.0031478,0,0,0.030664,0,0,0,0,0.017024,0,0,0,0,0.0045589,0,0,0.035982,0,0.054914,0,0.025327,0,0.00078099,0,0,0.072664,0,0,0,0,0,0,0,0,-0.0055327,0,0,0,0
0,0,0.012346,0,0.029271,0.0031231,0,0,0.030633,0,0,0,0,0.016995,0,0,0,0,0.0045339,0,0,0.035949,0,0.05475,0,0.025273,0,0.000757,0,0,0.07262,0,0,0,0,0,0,0,0,-0.0055074,0,0,0,0
0,0,0.012345,0,0.02927,0.0031226,0,0,0.030633,0,0,0,0,0.016995,0,0,0,0,0.0045334,0,0,0.035948,0,0.054765,0,0.025273,0,0.00075651,0,0,0.072637,0,0,0,0,0,0,0,0,-0.0055069,0,0,0,0
0,0,0.012223,0,0.02903,0.0030182,0,0,0.030468,0,0,0,0,0.016875,0,0,0,0,0.0044274,0,0,0.035807,0,0.054044,0,0.024994,0,0.00065474,0,0,0.072455,0,0,0,0,0,0,0,0,-0.0053998,0,0,0,0
0,0,0.012217,0,0.029017,0.0030126,0,0,0.030461,0,0,0,0,0.016868,0,0,0,0,0.0044218,0,0,0.035799,0,0.054005,0,0.024981,0,0.00064933,0,0,0.072445,0,0,0,0,0,0,0,0,-0.0053941,0,0,0,0
0,0,0.012199,0,0.028989,0.0030002,0,0,0.030444,0,0,0,0,0.016854,0,0,0,0,0.0044091,0,0,0.035782,0,0.053902,0,0.024945,0,0.00063721,0,0,0.072423,0,0,0,0,0,0,0,0,-0.0053813,0,0,0,0
0,0,0.012198,0,0.028988,0.0029997,0,0,0.030442,0,0,0,0,0.016854,0,0,0,0,0.0044086,0,0,0.035782,0,0.053896,0,0.024942,0,0.00063669,0,0,0.072422,0,0,0,0,0,0,0,0,-0.0053808,0,0,0,0
0,0,0.012195,0,0.028984,0.0029981,0,0,0.03044,0,0,0,0,0.016852,0,0,0,0,0.004407,0,0,0.03578,0,0.05388,0,0.024937,0,0.00063518,0,0,0.072419,0,0,0,0,0,0,0,0,-0.0053792,0,0,0,0
0,0,0.012194,0,0.028983,0.0029976,0,0,0.03044,0,0,0,0,0.016851,0,0,0,0,0.0044065,0,0,0.035779,0,0.053874,0,0.024934,0,0.00063465,0,0,0.072419,0,0,0,0,0,0,0,0,-0.0053786,0,0,0,0
0,0,0.012211,0,0.028969,0.0030147,0,0,0.030407,0,0,0,0,0.016871,0,0,0,0,0.0044239,0,0,0.035749,0,0.05391,0,0.024909,0,0.00065137,0,0,0.072449,0,0,0,0,0,0,0,0,-0.0053962,0,0,0,0
0,0,0.012193,0,0.028926,0.0029959,0,0,0.030383,0,0,0,0,0.016849,0,0,0,0,0.0044048,0,0,0.035724,0,0.053806,0,0.024874,0,0.000633,0,0,0.072416,0,0,0,0,0,0,0,0,-0.0053769,0,0,0,0
0,0,0,0,0,0,0,0,0,0,0,0,0,0,0,0,0,0,0,0,0,0,0,0,0,0,0,0,0,0,0,0,0,0,0,0,0,0,0,0,0,0,0,0
0,0,0,0,0,0,0,0,0,0,0,0,0,0,0,0,0,0,0,0,0,0,0,0,0,0,0,0,0,0,0,0,0,0,0,0,0,0,0,0,0,0,0,0
0,0,0,0,0,0,0,0,0,0,0,0,0,0,0,0,0,0,0,0,0,0,0,0,0,0,0,0,0,0,0,0,0,0,0,0,0,0,0,0,0,0,0,0
0,0,0,0,0,0,0,0,0,0,0,0,0,0,0,0,0,0,0,0,0,0,0,0,0,0,0,0,0,0,0,0,0,0,0,0,0,0,0,0,0,0,0,0
0,0,0,0,0,0.022249,0,0,0.0030884,0,0,0,0,0,0,0,0,0,0,0,0,0,0,0,0,0.041486,0,0,0,0,0.04993,0,0,0,0,0,0,0,0,-0.012064,0,0,0,0
0,0,0,0,0,0,0,0,0,0,0,0,0,0,0,0,0,0,0,0,0,0,0,0,0,0,0,0,0,0,0,0,0,0,0,0,0,0,0,0,0,0,0,0
0,0,0,0,0,0,0,0,0,0,0,0,0,0,0,0,0,0,0,0,0,0,0,0,0,0,0,0,0,0,0,0,0,0,0,0,0,0,0,0,0,0,0,0
0,0,0,0,0,0,0,0,0,0,0.05454,0.0064939,0,0,0,0,0,0,0,0,0,0,0.081902,0,0,0,0,0,0,0,0,0,0,0,0,0,0,0,-0.0099621,0,0,0,0,0
0,0,0,0,0,0,0,0,0,0,0.05097,0.0037982,0,0,0,0,0,0,0,0,0,0,0.070663,0,0,0,0,0,0,0,0,0,0,0,0,0,0,0,-0.0075094,0,0,0,0,0
0,0,0,0,0,0,0,0,0,0,0.04829,0.0017259,0,0,0,0,0,0,0,0,0,0,0.061815,0,0,0,0,0,0,0,0,0,0,0,0,0,0,0,-0.005668,0,0,0,0,0
0,0,0,0,0,0,0,0,0,0,0.0477,0.0012881,0,0,0,0,0,0,0,0,0,0,0.060051,0,0,0,0,0,0,0,0,0,0,0,0,0,0,0,-0.0052602,0,0,0,0,0
0,0,0,0,0,0,0,0,0,0,0,0,0,0,0,0,0,0,0,0.081809,0,0.016851,0.085187,0.07847,0,0,0,0,0.0053415,0,0.054783,0,0,0,-0.079479,0,0,0,0,0,0,0,-0.079618,0
0,0.054695,0.085652,0,0,0,0,0,0.057627,0,0,0,0,0.075017,0,0,0,0,0.055853,0,0,0,0,0.10357,0.0053694,0,0.0046854,0.014374,0,0,0.0051523,0,0,0,0,0,0,0,0,0,0,0,0,0
0,0.037368,0.093892,0,0,0,0,0,0.06538,0,0,0,0,0.082103,0,0,0,0,0.029593,0,0,0,0,0.030267,0.0098853,0,0.0095174,0.019193,0,0,0,0,0,0,0,0,0,0,0,0,0,0,0,0
0,0.055167,0.08591,0,0,0,0,0,0.057438,0,0,0,0,0.074827,0,0,0,0,0.056448,0,0,0,0,0.10467,0.0059868,0,0.0050094,0.014393,0,0,0.0049956,0,0,0,0,0,0,0,0,0,0,0,0,0
0,0.037703,0.09413,0,0,0,0,0,0.065035,0,0,0,0,0.081746,0,0,0,0,0.030579,0,0,0,0,0.031242,0.010766,0,0.0099168,0.019158,0,0,0,0,0,0,0,0,0,0,0,0,0,0,0,0
0,0.037683,0.094128,0,0,0,0,0,0.064973,0,0,0,0,0.081687,0,0,0,0,0.030629,0,0,0,0,0.031209,0.010823,0,0.0099159,0.019157,0,0,0,0,0,0,0,0,0,0,0,0,0,0,0,0
0,0,0.077277,0,0,0,0,0,0.059458,0,0,0,0,0.067287,0,0,0,0,0.020546,0,0,0,0,0,0.0025638,0,0,0.0089803,0,0,0,0,0,0,0,0,0,0,0,0,0,0,0,0
0,0.037818,0.09455,0,0,0,0,0,0.064301,0,0,0,0,0.080957,0,0,0,0,0.032349,0,0,0,0,0.03235,0.012317,0,0.010721,0.018984,0,0,0,0,0,0,0,0,0,0,0,0,0,0,0,0
0,0.037618,0.094481,0,0,0,0,0,0.064182,0,0,0,0,0.080837,0,0,0,0,0.032355,0,0,0,0,0.032105,0.012336,0,0.010683,0.018944,0,0,0,0,0,0,0,0,0,0,0,0,0,0,0,0
0,0.054406,0.086022,0,0,0,0,0,0.056141,0,0,0,0,0.073415,0,0,0,0,0.058246,0,0,0,0,0.1023,0.0075686,0,0.0056077,0.014103,0,0,0.004946,0,0,0,0,0,0,0,0,0,0,0,0,0
0,0,0.049545,0,0,0,0,0,0.029068,0,0,0,0,0.057728,0,0,0,0,0.028001,0.033081,0,0.0085014,0,0.13246,0.012571,0,0,0.018578,0,0,0.059035,0,0,0,0,0,0,0,0,-0.0013478,0,0,0,0
0,0.025858,0.089629,0,0.02512,0.019148,0,0,0.060251,0,0,0,0,0.076607,0,0,0,0,0.02888,0.013502,0,0,0,0.056603,0.00979,0,0.0074521,0.016469,0,0,0.015439,0,0,0,0,0,0,0,0,0,0,0,0,0
0,0.025902,0.089573,0,0.025366,0.019131,0,0,0.060138,0,0,0,0,0.076515,0,0,0,0,0.029012,0.013588,0,0,0,0.057756,0.0098259,0,0.0077356,0.016446,0,0,0.015596,0,0,0,0,0,0,0,0,0,0,0,0,0
0,0.026929,0.089435,0,0.025632,0.019473,0,0,0.060372,0,0,0,0,0.076789,0,0,0,0,0.028715,0.014501,0,0,0,0.058958,0.0098144,0,0.0071949,0.016735,0,0,0.016015,0,0,0,0,0,0,0,0,0,0,0,0,0
0,0.028083,0.089499,0,0.025971,0.019852,0,0,0.060618,0,0,0,0,0.076972,0,0,0,0,0.02854,0.015153,0,0,0,0.059615,0.0097931,0,0.006767,0.01708,0,0,0.01648,0,0,0,0,0,0,0,0,0,0,0,0,0
0,0.028812,0.089431,0,0.026107,0.020099,0,0,0.060818,0,0,0,0,0.077154,0,0,0,0,0.028371,0.015811,0,0,0,0.060317,0.0098052,0,0.0063825,0.017275,0,0,0.016764,0,0,0,0,0,0,0,0,0,0,0,0,0
0,0.045401,0.094377,0,0.034636,0.02368,0,0,0.066651,0,0,0,0,0.083839,0,0,0,0,0.031432,0.029195,0,0,0,0.082433,0.013613,0,0.0087072,0.020736,0,0,0.019826,0,0,0,0,0,0,0,0,-0.0019619,0,0,0,0
0,0.050208,0.1014,0,0.0088631,0,0,0,0.070025,0,0,0,0,0.087327,0,0,0,0,0.036882,0,0,0,0,0.054733,0.016175,0,0.014353,0.023096,0,0,0,0,0,0,0,0,0,0,0,0,0,0,0,0
0,0.050447,0.10157,0,0.0089365,0,0,0,0.070101,0,0,0,0,0.087402,0,0,0,0,0.037053,0,0,0,0,0.054858,0.016263,0,0.014547,0.023125,0,0,0,0,0,0,0,0,0,0,0,0,0,0,0,0
0,0,0,0,0,0,0,0,0,0,0,0,0,0,0,0,0,0,0,0,0,0,0,0,0,0,0,0,0,0,0,0,0,0,0,0,0,0,0,0,0,0,0,0
0,0,0,0,0,0,0,0,0,0,0,0.016078,0.0043807,0.013471,0,0,0.068347,0.0048043,0,0,0,0.0095778,0,0,0.046993,0,-0.12549,0.073974,0.075235,-0.022425,0,0.076422,0,0,0,0,0,0.020865,0,0,0,0.097738,0.053667,0
0,0,0.038385,0,0.086504,0,0,0,0.042877,0,0,0,0,0.012185,0,0.019568,0,0,0,0,0,0.010455,0,0,0,0,0,0,0,0,0.10218,0,0,0,0,0,-0.018427,0,0,0,0,0,0,0
0,0,0.037671,0,0.085814,0,0,0,0.042215,0,0,0,0,0.011064,0,0.019276,0,0,0,0,0,0.01011,0,0,0,0,0,0,0,0,0.10154,0,0,0,0,0,-0.018101,0,0,0,0,0,0,0
0,0,0.037775,0,0.086345,0,0,0,0.042318,0,0,0,0,0.011608,0,0.019603,0,0,0,0,0,0.010355,0,0,0,0,0,0,0,0,0.10206,0,0,0,0,0,-0.018364,0,0,0,0,0,0,0
0,0,0.036475,0,0.084961,0,0,0,0.041046,0,0,0,0,0.0097721,0,0.019216,0,0,0,0,0,0.0097874,0,0,0,0,0,0,0,0,0.10114,0,0,0,0,0,-0.017985,0,0,0,0,0,0,0
0,0,0.037422,0,0.084797,0,0,0,0.041823,0,0,0,0,0.010277,0,0.019136,0,0,0,0,0,0.009714,0,0,0,0,0,0,0,0,0.10103,0,0,0,0,0,-0.017905,0,0,0,0,0,0,0
0,0,0.036622,0,0.085376,0,0,0,0.041115,0,0,0,0,0.010107,0,0.019409,0,0,0,0,0,0.0098701,0,0,0,0,0,0,0,0,0.10129,0,0,0,0,0,-0.018235,0,0,0,0,0,0,0
0,0,0.036617,0,0.085366,0,0,0,0.04111,0,0,0,0,0.010096,0,0.019405,0,0,0,0,0,0.0098662,0,0,0,0,0,0,0,0,0.10128,0,0,0,0,0,-0.018231,0,0,0,0,0,0,0
0,0,0.036653,0,0.085503,0,0,0,0.041108,0,0,0,0,0.010207,0,0.019471,0,0,0,0,0,0.0099447,0,0,0,0,0,0,0,0,0.10143,0,0,0,0,0,-0.018293,0,0,0,0,0,0,0
0,0,0.037243,0,0.086821,0,0,0,0.041921,0,0,0,0,0.01176,0,0.020146,0,0,0,0,0,0.01058,0,0,0,0,0,0,0,0,0.10241,0,0,0,0,0,-0.018763,0,0,0,0,0,0,0
0,0,0.036701,0,0.085638,0,0,0,0.041076,0,0,0,0,0.010284,0,0.019524,0,0,0,0,0,0.010012,0,0,0,0,0,0,0,0,0.10157,0,0,0,0,0,-0.018364,0,0,0,0,0,0,0
0,0,0.0378,0,0.088013,0,0,0,0.042098,0,0,0,0,0.012652,0,0.020458,0,0,0,0,0,0.010887,0,0,0,0,0,0,0,0,0.10327,0,0,0,0,0,-0.01934,0,0,0,0,0,0,0
0,0,0,0,0,0,0,0,0.026197,0,0,0,0,0.01539,0,0,0,0,0,0,0,0.024157,0,0,0.00010725,0,0,0,0.020185,0,0,0,0,0,0,0,0,0,0,-0.0013638,0,0,0,0
0,0,0,0,0,0,0,0,0.02689,0,0,0,0,0.016086,0,0,0,0,0.0030503,0,0,0.026244,0,0.012505,0.001737,0,0,0,0.033104,0,0.0054267,0,0,0,0,0,0,0,0,-0.0027251,0,0,0,0
0,0,0.044203,0,0,0,0,0,0,0,0,0,0,0,0,0,0,0,0,0,0,0,0,0,0,0,0,0.026551,0,0,0.019097,0,0,0,0,0,-0.013252,0,0,0,0,0,0,0
0,0,0.044132,0,0,0,0,0,0,0,0,0,0,0,0,0,0,0,0,0,0,0,0,0,0,0,0,0.026544,0,0,0.019145,0,0,0,0,0,-0.013239,0,0,0,0,0,0,0
0,0,0.044057,0,0,0,0,0,0,0,0,0,0,0,0,0,0,0,0,0,0,0,0,0,0,0,0,0.026471,0,0,0.018883,0,0,0,0,0,-0.013148,0,0,0,0,0,0,0
0,0,0.044225,0,0,0,0,0,0,0,0,0,0,0,0,0,0,0,0,0,0,0,0,0,0,0,0,0.02693,0,0,0.019124,0,0,0,0,0,-0.013501,0,0,0,0,0,0,0
0,0,0.050731,0,0,0,0,0,0,0,0,0,0,0,0,0,0,0,0,0,0,0,0,0,0,0,0,0.029986,0,0,0.021852,0,0,0,0,0,-0.016308,0,0,0,0,0,0,0
0,0,0.05226,0,0,0,0,0,0,0,0,0,0,0,0,0,0,0,0,0,0,0,0,0,0,0,0,0.028854,0,0,0.020664,0,0,0,0,0,-0.015327,0,0,0,0,0,0,0
0,0,0,0,0,0,0,0,0,0,0,0,0,0,0,0,0,0,0,0,0,0,0,0,0,0,0,0,0,0,0,0,0,0,0,0,0,0,0,0,0,0,0,0
0,0,0,0,0.020635,0,0,0,0,0,0,0,0,0,0,0,0,0,0,0,0,0,0,0,0,0,0,0,0,0,0,0,0,0,0,0,0,0,0,0,0,0,0,0
0,0,0,0,0,0,0,0,0,0,0,0,0,0,0,0,0,0,0,0,0,0,0,0,0,0,0,0.0093158,0,0,0.042255,0,0,0,0,0,0,0,0,0,0,0,0,0
0,0,0,0,0,0,0,0,0,0,0,0,0,0,0,0,0,0,0,0,0,0,0,0,0,0,0,0.0081927,0,0,0.041129,0,0,0,0,0,0,0,0,0,0,0,0,0
0,0,0,0,0,0,0,0,0,0,0,0,0,0,0,0,0,0,0,0,0,0,0,0,0,0,0,0.008097,0,0,0.041083,0,0,0,0,0,0,0,0,0,0,0,0,0
0,0,0,0,0,0,0,0,0,0,0,0,0,0,0,0,0,0,0,0,0,0,0,0,0.00065218,0,0,0.0056364,0,0,0.038221,0,0,0,0,0,0,0,0,0,0,0,0,0
0,0,0,0,0,0,0,0,0,0,0,0,0,0,0,0,0,0,0,0,0,0,0,0,0.00076376,0,0,0.0058092,0,0,0.017956,0,0,0,0,0,0,0,0,0,0,0,0,0
0,0,0,0,0,0,0,0,0,0,0,0,0,0,0,0,0,0,0,0,0,0,0,0,0,0,0,0,0,0,0,0,0,0,0,0,0,0,0,0,0,0,0,0
0,0,0,0,0,0.018835,0,0,0,0,0,0,0,0,0,0,0,0,0.016337,0,0,0,0,0.0093457,0.024482,0,0,0,0.0011097,0,0.10306,0,0,0,0,0,-0.014524,0,0,0,0,0,0,0
0,0,0,0,0,0.019345,0,0,0,0,0,0,0,0,0,0,0,0,0.017249,0,0,0,0,0.0098112,0.025017,0,0,0,0.0023816,0,0.10395,0,0,-0.00012175,0,0,-0.015479,0,0,0,0,0,0,0
0,0,0,0,0,0.019348,0,0,0,0,0,0,0,0,0,0,0,0,0.017254,0,0,0,0,0.0098137,0.025019,0,0,0,0.0023883,0,0.10396,0,0,-0.00012393,0,0,-0.015484,0,0,0,0,0,0,0
0,0,0,0,0,0.019349,0,0,0,0,0,0,0,0,0,0,0,0,0.017255,0,0,0,0,0.0098141,0.025019,0,0,0,0.0023896,0,0.10396,0,0,-0.00012436,0,0,-0.015485,0,0,0,0,0,0,0
0,0,0,0,0,0.019353,0,0,0,0,0,0,0,0,0,0,0,0,0.017262,0,0,0,0,0.0098177,0.025023,0,0,0,0.0023995,0,0.10396,0,0,-0.00012759,0,0,-0.015492,0,0,0,0,0,0,0
0,0,0,0,0,0.019329,0,0,0,0,0,0,0,0,0,0,0,0,0.017447,0,0,0,0,0.0097965,0.025227,0,0,0,0.0028373,0,0.10402,0,0,-0.00019993,0,0,-0.015646,0,0,0,0,0,0,0
0,0,0,0,0,0.019308,0,0,0,0,0,0,0,0,0,0,0,0,0.017306,0,0,0,0,0.0097773,0.025088,0,0,0,0.0025734,0,0.10398,0,0,-0.00018256,0,0,-0.015608,0,0,0,0,0,0,0
0,0,0,0,0,0.019304,0,0,0,0,0,0,0,0,0,0,0,0,0.017297,0,0,0,0,0.0097731,0.025083,0,0,0,0.0025618,0,0.10397,0,0,-0.00017874,0,0,-0.015599,0,0,0,0,0,0,0
0,0,0,0,0,0.019286,0,0,0,0,0,0,0,0,0,0,0,0,0.017265,0,0,0,0,0.0097566,0.025064,0,0,0,0.0025164,0,0.10394,0,0,-0.00016386,0,0,-0.015567,0,0,0,0,0,0,0
0,0,0,0,0,0.019291,0,0,0,0,0,0,0,0,0,0,0,0,0.017273,0,0,0,0,0.0097611,0.025068,0,0,0,0.0025288,0,0.10395,0,0,-0.00016793,0,0,-0.015576,0,0,0,0,0,0,0
0,0,0,0,0,0.019312,0,0,0,0,0,0,0,0,0,0,0,0,0.017313,0,0,0,0,0.009781,0.025089,0,0,0,0.0025836,0,0.10399,0,0,-0.00018588,0,0,-0.015615,0,0,0,0,0,0,0
0,0,0,0,0,0.019316,0,0,0,0,0,0,0,0,0,0,0,0,0.017319,0,0,0,0,0.0097842,0.025093,0,0,0,0.0025925,0,0.10399,0,0,-0.0001888,0,0,-0.015621,0,0,0,0,0,0,0
0,0,0,0,0,0.019379,0,0,0,0,0,0,0,0,0,0,0,0,0.017434,0,0,0,0,0.0098418,0.025158,0,0,0,0.0027513,0,0.10411,0,0,-0.00024084,0,0,-0.015735,0,0,0,0,0,0,0
0,0,0,0,0,0.019377,0,0,0,0,0,0,0,0,0,0,0,0,0.01743,0,0,0,0,0.0098399,0.025156,0,0,0,0.0027462,0,0.1041,0,0,-0.00023915,0,0,-0.015731,0,0,0,0,0,0,0
0,0,0,0,0,0.019396,0,0,0,0,0,0,0,0,0,0,0,0,0.017486,0,0,0,0,0.0098576,0.025174,0,0,0,0.0028057,0,0.10415,0,0,-0.00025684,0,0,-0.015766,0,0,0,0,0,0,0
0,0,0,0,0,0.019395,0,0,0,0,0,0,0,0,0,0,0,0,0.017484,0,0,0,0,0.0098564,0.025171,0,0,0,0.0028025,0,0.10415,0,0,-0.00025576,0,0,-0.015764,0,0,0,0,0,0,0
0,0,0,0,0,0.019346,0,0,0,0,0,0,0,0,0,0,0,0,0.017395,0,0,0,0,0.0098117,0.02512,0,0,0,0.0026793,0,0.10406,0,0,-0.0002154,0,0,-0.015676,0,0,0,0,0,0,0
0,0,0,0,0,0.019389,0,0,0,0,0,0,0,0,0,0,0,0,0.017466,0,0,0,0,0.0098512,0.025164,0,0,0,0.0027882,0,0.10414,0,0,-0.00025109,0,0,-0.015753,0,0,0,0,0,0,0
0,0,0,0,0,0.019413,0,0,0,0,0,0,0,0,0,0,0,0,0.017516,0,0,0,0,0.0098725,0.025188,0,0,0,0.0028469,0,0.10418,0,0,-0.00027033,0,0,-0.015795,0,0,0,0,0,0,0
0,0,0,0,0,0.019417,0,0,0,0,0,0,0,0,0,0,0,0,0.017523,0,0,0,0,0.0098763,0.025193,0,0,0,0.0028573,0,0.10418,0,0,-0.00027374,0,0,-0.015803,0,0,0,0,0,0,0
0,0,0,0,0,0.019419,0,0,0,0,0,0,0,0,0,0,0,0,0.017527,0,0,0,0,0.0098782,0.025195,0,0,0,0.0028625,0,0.10419,0,0,-0.00027543,0,0,-0.015806,0,0,0,0,0,0,0
0,0,0,0,0,0.019427,0,0,0,0,0,0,0,0,0,0,0,0,0.017542,0,0,0,0,0.0098858,0.025204,0,0,0,0.0028834,0,0.1042,0,0,-0.00028229,0,0,-0.015821,0,0,0,0,0,0,0
0,0,0,0,0,0.019443,0,0,0,0,0,0,0,0,0,0,0,0,0.01757,0,0,0,0,0.0098998,0.02522,0,0,0,0.0029222,0,0.10423,0,0,-0.00029499,0,0,-0.015849,0,0,0,0,0,0,0
0,0,0,0,0,0.019462,0,0,0,0,0,0,0,0,0,0,0,0,0.017606,0,0,0,0,0.009918,0.025241,0,0,0,0.0029722,0,0.10427,0,0,-0.00031138,0,0,-0.015885,0,0,0,0,0,0,0
0,0,0,0,0,0.019466,0,0,0,0,0,0,0,0,0,0,0,0,0.017612,0,0,0,0,0.009921,0.025244,0,0,0,0.0029805,0,0.10427,0,0,-0.00031409,0,0,-0.015891,0,0,0,0,0,0,0
0,0,0,0,0,0.019476,0,0,0,0,0,0,0,0,0,0,0,0,0.017631,0,0,0,0,0.0099303,0.025255,0,0,0,0.0030063,0,0.10429,0,0,-0.00032254,0,0,-0.015909,0,0,0,0,0,0,0
0,0,0,0,0,0.019536,0,0,0,0,0,0,0,0,0,0,0,0,0.017637,0,0,0,0,0.0099852,0.025203,0,0,0,0.0029465,0,0.1044,0,0,-0.00037216,0,0,-0.016011,0,0,0,0,0,0,0
0,0,0,0,0,0.019562,0,0,0,0,0,0,0,0,0,0,0,0,0.017684,0,0,0,0,0.010009,0.02523,0,0,0,0.0030111,0,0.10444,0,0,-0.00039336,0,0,-0.016057,0,0,0,0,0,0,0
0,0,0,0,0,0.019595,0,0,0,0,0,0,0,0,0,0,0,0,0.017739,0,0,0,0,0.010039,0.025265,0,0,0,0.0030299,0,0.10442,0,0,-0.00033049,0,0,-0.01592,0,0,0,0,0,0,0
0,0,0,0,0,0.019871,0,0,0,0,0,0,0,0,0,0,0,0,0.017747,0,0,0,0,0.010291,0.024982,0,0,0,0.0031197,0,0.10551,0,0,-0.0011864,0,0,-0.017748,0,0,0,0,0,0,0
0,0,0,0,0,0.019607,0,0,0,0,0,0,0,0,0,0,0,0,0.017761,0,0,0,0,0.01005,0.025277,0,0,0,0.00306,0,0.10444,0,0,-0.00034034,0,0,-0.015942,0,0,0,0,0,0,0
0,0,0,0,0,0.019617,0,0,0,0,0,0,0,0,0,0,0,0,0.017771,0,0,0,0,0.010059,0.025289,0,0,0,0.0030868,0,0.10446,0,0,-0.00034912,0,0,-0.015922,0,0,0,0,0,0,0
0,0,0,0,0,0.019621,0,0,0,0,0,0,0,0,0,0,0,0,0.017787,0,0,0,0,0.010063,0.025293,0,0,0,0.0030965,0,0.10446,0,0,-0.0003523,0,0,-0.015968,0,0,0,0,0,0,0
0,0,0,0,0,0.019596,0,0,0,0,0,0,0,0,0,0,0,0,0.017742,0,0,0,0,0.01004,0.025267,0,0,0,0.0030342,0,0.10442,0,0,-0.0003319,0,0,-0.015923,0,0,0,0,0,0,0
0,0,0,0,0,0.019567,0,0,0,0,0,0,0,0,0,0,0,0,0.01769,0,0,0,0,0.010014,0.025236,0,0,0,0.002961,0,0.10437,0,0,-0.00030789,0,0,-0.015871,0,0,0,0,0,0,0
0,0,0,0,0,0.019428,0,0,0,0,0,0,0,0,0,0,0,0,0.017436,0,0,0,0,0.0098861,0.025089,0,0,0,0.0026095,0,0.10412,0,0,-0.00019276,0,0,-0.01562,0,0,0,0,0,0,0
0,0,0,0,0,0.018759,0,0,0,0,0,0,0,0,0,0,0,0,0.016224,0,0,0,0,0.0092757,0.024385,0,0,0,0.00092772,0,0.10293,0,0,0,0,0,-0.014416,0,0,0,0,0,0,0
0,0,0,0,0,0.019356,0,0,0,0,0,0,0,0,0,0,0,0,0.017205,0,0,0,0,0.0098212,0.024899,0,0,0,0.0022198,0,0.10399,0,0,-0.00013419,0,0,-0.015486,0,0,0,0,0,0,0
0,0,0,0,0,0.018976,0,0,0,0,0,0,0,0,0,0,0,0,0.016516,0,0,0,0,0.0094738,0.024499,0,0,0,0.0012634,0,0.10332,0,0,0,0,0,-0.014803,0,0,0,0,0,0,0
0,0,0,0,0,0.018487,0,0,0,0,0,0,0,0,0,0,0,0,0.015634,0,0,0,0,0.0090276,0.023985,0,0,0,0,0,0.10126,0,0,0,0,0,-0.011207,0,0,0,0,0,0,0
0,0,0,0,0,0.01937,0,0,0,0,0,0,0,0,0,0,0,0,0.017285,0,0,0,0,0.0098332,0.024913,0,0,0,0.0018068,0,0.10342,0,0,0,0,0,-0.014146,0,0,0,0,0,0,0
0,0,0,0,0,0.019361,0,0,0,0,0,0,0,0,0,0,0,0,0.017269,0,0,0,0,0.0098252,0.024904,0,0,0,0.0017848,0,0.1034,0,0,0,0,0,-0.01413,0,0,0,0,0,0,0
0,0,0,0,0,0.018826,0,0,0,0,0,0,0,0,0,0,0,0,0.0163,0,0,0,0,0.0093369,0.024341,0,0,0,0.00044264,0,0.10245,0,0,0,0,0,-0.013177,0,0,0,0,0,0,0
0,0,0,0,0,0.019355,0,0,0,0,0,0,0,0,0,0,0,0,0.017258,0,0,0,0,0.0098198,0.024898,0,0,0,0.00177,0,0.10339,0,0,0,0,0,-0.01412,0,0,0,0,0,0,0
0,0,0,0,0,0.018973,0,0,0,0,0,0,0,0,0,0,0,0,0.016616,0,0,0,0,0.0094713,0.024611,0,0,0,0.0014031,0,0.10323,0,0,0,0,0,-0.014609,0,0,0,0,0,0,0
0,0,0,0,0,0.019384,0,0,0,0,0,0,0,0,0,0,0,0,0.017312,0,0,0,0,0.0098468,0.024929,0,0,0,0.001844,0,0.10344,0,0,0,0,0,-0.014173,0,0,0,0,0,0,0
0,0,0,0,0,0.019028,0,0,0,0,0,0,0,0,0,0,0,0,0.016613,0,0,0,0,0.0095213,0.024554,0,0,0,0.001394,0,0.10341,0,0,0,0,0,-0.014902,0,0,0,0,0,0,0
0,0,0,0,0,0.01906,0,0,0,0,0,0,0,0,0,0,0,0,0.016752,0,0,0,0,0.0095505,0.024587,0,0,0,0.0014746,0,0.10346,0,0,0,0,0,-0.01496,0,0,0,0,0,0,0
0,0,0,0,0,0.019089,0,0,0,0,0,0,0,0,0,0,0,0,0.016805,0,0,0,0,0.0095774,0.024618,0,0,0,0.0015486,0,0.10352,0,0,0,0,0,-0.015019,0,0,0,0,0,0,0
0,0,0,0,0,0.019093,0,0,0,0,0,0,0,0,0,0,0,0,0.016811,0,0,0,0,0.0095807,0.024622,0,0,0,0.0015577,0,0.10352,0,0,0,0,0,-0.015025,0,0,0,0,0,0,0
0,0,0,0,0,0.019114,0,0,0,0,0,0,0,0,0,0,0,0,0.016849,0,0,0,0,0.0095997,0.024644,0,0,0,0.0016098,0,0.10356,0,0,0,0,0,-0.015063,0,0,0,0,0,0,0
0,0,0,0,0,0.024975,0,0,0,0,0,0,0,0,0,0,0,0,0.02736,0,0,0,0,0.014948,0.030683,0,0,0,0.016114,0,0.11397,0,0,-0.004762,0,0,-0.025579,0,0,0,0,0,0,0
0,0,0,0,0,0.024399,0,0,0,0,0,0,0,0,0,0,0,0,0.025906,0,0,0,0,0.014423,0.029601,0,0,0,0.013726,0,0.11286,0,0,-0.0041939,0,0,-0.024333,0,0,0,0,0,0,0
0,0,0,0,0,0.024993,0,0,0,0,0,0,0,0,0,0,0,0,0.027393,0,0,0,0,0.014965,0.030702,0,0,0,0.016159,0,0.11401,0,0,-0.0047769,0,0,-0.025611,0,0,0,0,0,0,0
0,0,0,0,0,0.024996,0,0,0,0,0,0,0,0,0,0,0,0,0.027397,0,0,0,0,0.014967,0.030704,0,0,0,0.016166,0,0.11401,0,0,-0.0047789,0,0,-0.025616,0,0,0,0,0,0,0
0,0,0,0,0,0.025102,0,0,0,0,0,0,0,0,0,0,0,0,0.027265,0,0,0,0,0.015064,0.030453,0,0,0,0.015766,0,0.1142,0,0,-0.0048664,0,0,-0.025806,0,0,0,0,0,0,0
0,0,0,0,0,0.025113,0,0,0,0,0,0,0,0,0,0,0,0,0.027286,0,0,0,0,0.015074,0.030464,0,0,0,0.015794,0,0.11422,0,0,-0.0048756,0,0,-0.025827,0,0,0,0,0,0,0
0,0,0,0,0,0.025114,0,0,0,0,0,0,0,0,0,0,0,0,0.027287,0,0,0,0,0.015075,0.030465,0,0,0,0.015796,0,0.11422,0,0,-0.0048761,0,0,-0.025828,0,0,0,0,0,0,0
0,0,0,0,0,0.02511,0,0,0,0,0,0,0,0,0,0,0,0,0.027389,0,0,0,0,0.015072,0.030582,0,0,0,0.016009,0,0.11421,0,0,-0.0048733,0,0,-0.025822,0,0,0,0,0,0,0
0,0,0,0,0,0,0,0,0,0,0,0,0,0,0,0,0,0,0.021405,0,0,0,0,0,0.039287,0,0,0,0.021279,0,0,0,0,0,0,0,0,0,0,0,0,0,0,0
0,0,0,0,0,0,0,0,0,0,0,0,0,0,0,0,0,0,0.021666,0,0,0,0,0,0.03959,0,0,0,0.021968,0,0,0,0,0,0,0,0,0,0,0,0,0,0,0
0,0,0,0,0,0.024992,0,0,0,0,0,0,0,0,0,0,0,0,0.027176,0,0,0,0,0.014964,0.030459,0,0,0,0.015714,0,0.114,0,0,-0.0047762,0,0,-0.025603,0,0,0,0,0,0,0
0,0,0,0,0,0.024964,0,0,0,0,0,0,0,0,0,0,0,0,0.027123,0,0,0,0,0.014938,0.030429,0,0,0,0.015642,0,0.11395,0,0,-0.0047525,0,0,-0.025551,0,0,0,0,0,0,0
0,0,0,0,0,0.024935,0,0,0,0,0,0,0,0,0,0,0,0,0.027072,0,0,0,0,0.014912,0.030399,0,0,0,0.015571,0,0.1139,0,0,-0.0047292,0,0,-0.025501,0,0,0,0,0,0,0
0,0,0,0,0,0.024938,0,0,0,0,0,0,0,0,0,0,0,0,0.027077,0,0,0,0,0.014915,0.030402,0,0,0,0.015578,0,0.11391,0,0,-0.0047315,0,0,-0.025506,0,0,0,0,0,0,0
0,0,0,0,0,0.024907,0,0,0,0,0,0,0,0,0,0,0,0,0.027022,0,0,0,0,0.014887,0.03037,0,0,0,0.015501,0,0.11385,0,0,-0.0047062,0,0,-0.025451,0,0,0,0,0,0,0
0,0,0,0,0,0.024902,0,0,0,0,0,0,0,0,0,0,0,0,0.026904,0,0,0,0,0.014881,0.030243,0,0,0,0.015265,0,0.11384,0,0,-0.0047016,0,0,-0.02544,0,0,0,0,0,0,0
0,0,0,0,0,0.024967,0,0,0,0,0,0,0,0,0,0,0,0,0.027129,0,0,0,0,0.014941,0.030432,0,0,0,0.015649,0,0.11396,0,0,-0.0047551,0,0,-0.025564,0,0,0,0,0,0,0
0,0,0,0,0,0.024949,0,0,0,0,0,0,0,0,0,0,0,0,0.027313,0,0,0,0,0.014925,0.030655,0,0,0,0.016049,0,0.11393,0,0,-0.0047405,0,0,-0.025532,0,0,0,0,0,0,0
0,0,0,0,0,0.024934,0,0,0,0,0,0,0,0,0,0,0,0,0.027088,0,0,0,0,0.01491,0.030518,0,0,0,0.015788,0,0.1139,0,0,-0.0047277,0,0,-0.025504,0,0,0,0,0,0,0
0,0,0,0,0,0.02489,0,0,0,0,0,0,0,0,0,0,0,0,0.02701,0,0,0,0,0.014871,0.030473,0,0,0,0.01568,0,0.11382,0,0,-0.0046922,0,0,-0.025427,0,0,0,0,0,0,0
0,0,0,0,0,0.024763,0,0,0,0,0,0,0,0,0,0,0,0,0.026888,0,0,0,0,0.014755,0.03046,0,0,0,0.015582,0,0.1136,0,0,-0.0045874,0,0,-0.025198,0,0,0,0,0,0,0
0,0,0,0,0,0.023743,0,0,0,0,0,0,0,0,0,0,0,0,0.024946,0,0,0,0,0.013824,0.029269,0,0,0,0.012669,0,0.11161,0,0,-0.0035603,0,0,-0.02296,0,0,0,0,0,0,0
0,0,0,0,0,0.026071,0,0,0,0,0,0,0,0,0,0,0,0,0.029158,0,0,0,0,0.015948,0.031711,0,0,0,0.018505,0,0.11574,0,0,-0.0054738,0,0,-0.02713,0,0,0,0,0,0,0
0,0,0,0,0,0.023652,0,0,0,0,0,0,0,0,0,0,0,0,0.024781,0,0,0,0,0.013741,0.029174,0,0,0,0.01244,0,0.11144,0,0,-0.0034852,0,0,-0.022796,0,0,0,0,0,0,0
0,0,0,0,0,0.022298,0,0,0,0,0,0,0,0,0,0,0,0,0.022636,0,0,0,0,0.012505,0.028108,0,0,0,0.0098254,0,0.10922,0,0,-0.0025566,0,0,-0.020772,0,0,0,0,0,0,0
0,0,0,0,0,0.022298,0,0,0,0,0,0,0,0,0,0,0,0,0.022637,0,0,0,0,0.012505,0.028108,0,0,0,0.0098261,0,0.10922,0,0,-0.0025568,0,0,-0.020772,0,0,0,0,0,0,0
0,0,0,0,0,0.0223,0,0,0,0,0,0,0,0,0,0,0,0,0.022747,0,0,0,0,0.012508,0.028229,0,0,0,0.010049,0,0.10922,0,0,-0.0025589,0,0,-0.020777,0,0,0,0,0,0,0
0,0,0,0,0,0.024645,0,0,0,0,0,0,0,0,0,0,0,0,0.026782,0,0,0,0,0.014647,0.030456,0,0,0,0.015506,0,0.11339,0,0,-0.0044899,0,0,-0.024986,0,0,0,0,0,0,0
0,0,0,0,0,0.022311,0,0,0,0,0,0,0,0,0,0,0,0,0.022555,0,0,0,0,0.012517,0.028004,0,0,0,0.0096428,0,0.10924,0,0,-0.0025677,0,0,-0.020796,0,0,0,0,0,0,0
0,0,0,0,0,0.022334,0,0,0,0,0,0,0,0,0,0,0,0,0.022597,0,0,0,0,0.012538,0.028028,0,0,0,0.0097006,0,0.10928,0,0,-0.0025867,0,0,-0.020838,0,0,0,0,0,0,0
0,0,0,0,0,0.022349,0,0,0,0,0,0,0,0,0,0,0,0,0.022624,0,0,0,0,0.012552,0.028044,0,0,0,0.0097378,0,0.10931,0,0,-0.0025989,0,0,-0.020864,0,0,0,0,0,0,0
0,0,0,0,0,0.022354,0,0,0,0,0,0,0,0,0,0,0,0,0.022633,0,0,0,0,0.012557,0.028049,0,0,0,0.0097507,0,0.10932,0,0,-0.0026031,0,0,-0.020873,0,0,0,0,0,0,0
0,0,0,0,0,0.022358,0,0,0,0,0,0,0,0,0,0,0,0,0.02264,0,0,0,0,0.01256,0.028053,0,0,0,0.0097596,0,0.10932,0,0,-0.002606,0,0,-0.02088,0,0,0,0,0,0,0
0,0,0,0,0,0.024703,0,0,0,0,0,0,0,0,0,0,0,0,0.026887,0,0,0,0,0.0147,0.030517,0,0,0,0.015718,0,0.11358,0,0,-0.0046318,0,0,-0.025295,0,0,0,0,0,0,0
0,0,0,0,0,0.024715,0,0,0,0,0,0,0,0,0,0,0,0,0.026908,0,0,0,0,0.014711,0.03053,0,0,0,0.015749,0,0.1136,0,0,-0.0046417,0,0,-0.025317,0,0,0,0,0,0,0
0,0,0,0,0,0.021605,0,0,0,0,0,0,0,0,0,0,0,0,0.021278,0,0,0,0,0.011873,0.027262,0,0,0,0.007935,0,0.10807,0,0,-0.0020782,0,0,-0.019729,0,0,0,0,0,0,0
0,0,0,0,0,0.022411,0,0,0,0,0,0,0,0,0,0,0,0,0.022741,0,0,0,0,0.012609,0.028109,0,0,0,0.00996,0,0.10951,0,0,-0.0027425,0,0,-0.021177,0,0,0,0,0,0,0
0,0,0,0,0,0.024757,0,0,0,0,0,0,0,0,0,0,0,0,0.026989,0,0,0,0,0.01475,0.030575,0,0,0,0.015856,0,0.11368,0,0,-0.0046768,0,0,-0.025393,0,0,0,0,0,0,0
0,0,0,0,0,0.022417,0,0,0,0,0,0,0,0,0,0,0,0,0.022751,0,0,0,0,0.012614,0.028115,0,0,0,0.009974,0,0.10952,0,0,-0.0027471,0,0,-0.021187,0,0,0,0,0,0,0
0,0,0,0,0,0.024758,0,0,0,0,0,0,0,0,0,0,0,0,0.02699,0,0,0,0,0.01475,0.030575,0,0,0,0.015857,0,0.11368,0,0,-0.0046771,0,0,-0.025394,0,0,0,0,0,0,0
0,0,0,0,0,0.024754,0,0,0,0,0,0,0,0,0,0,0,0,0.026344,0,0,0,0,0.014746,0.030571,0,0,0,0.015847,0,0.11367,0,0,-0.004674,0,0,-0.022685,0,0,0,0,0,0,0
0,0,0,0,0,0.024913,0,0,0,0,0,0,0,0,0,0,0,0,0.027272,0,0,0,0,0.014892,0.030739,0,0,0,0.016114,0,0.11377,0,0,-0.0046168,0,0,-0.025259,0,0,0,0,0,0,0
0,0,0,0,0,0.025001,0,0,0,0,0,0,0,0,0,0,0,0,0.027431,0,0,0,0,0.014972,0.030831,0,0,0,0.016334,0,0.11393,0,0,-0.004689,0,0,-0.025412,0,0,0,0,0,0,0
0,0,0,0,0,0.025073,0,0,0,0,0,0,0,0,0,0,0,0,0.027669,0,0,0,0,0.015038,0.031027,0,0,0,0.016736,0,0.11406,0,0,-0.0047479,0,0,-0.025545,0,0,0,0,0,0,0
0,0,0,0,0,0.025041,0,0,0,0,0,0,0,0,0,0,0,0,0.027611,0,0,0,0,0.015009,0.030994,0,0,0,0.016656,0,0.114,0,0,-0.0047218,0,0,-0.025491,0,0,0,0,0,0,0
0,0,0,0,0,0.025,0,0,0,0,0,0,0,0,0,0,0,0,0.027645,0,0,0,0,0.014971,0.031072,0,0,0,0.016843,0,0.11402,0,0,-0.0047827,0,0,-0.025624,0,0,0,0,0,0,0
0,0,0,0,0,0.025315,0,0,0,0,0,0,0,0,0,0,0,0,0.028215,0,0,0,0,0.015258,0.031403,0,0,0,0.017634,0,0.11458,0,0,-0.0050417,0,0,-0.026188,0,0,0,0,0,0,0
0,0,0,0,0,0,0,0,0,0,0,0,0,0,0,0,0,0,0.021686,0,0,0,0,0,0.039699,0,0,0,0.037531,0,0.0069751,0,0,-0.011632,0,0,-0.040553,0,0,0,0,0,0,0
0,0,0,0,0,0,0,0,0,0,0,0,0,0,0,0,0,0,0.021655,0,0,0,0,0,0.039663,0,0,0,0.037445,0,0.0069481,0,0,-0.011604,0,0,-0.040492,0,0,0,0,0,0,0
0,0,0,0,0,0,0,0,0,0,0,0,0,0,0,0,0,0,0.021674,0,0,0,0,0,0.039686,0,0,0,0.037638,0,0.006772,0,0,-0.01142,0,0,-0.040089,0,0,0,0,0,0,0
0,0,0,0,0,0,0,0,0,0,0,0,0,0,0,0,0,0,0.021876,0,0,0,0,0,0.039916,0,0,0,0.037905,0,0.0069436,0,0,-0.011599,0,0,-0.040481,0,0,0,0,0,0,0
0,0,0,0,0,0,0,0,0,0,0,0,0,0,0,0,0,0,0.023149,0,0,0,0,0,0.0414,0,0,0,0.039846,0,0.0058926,0,0,-0.010498,0,0,-0.03808,0,0,0,0,0,0,0
0,0,0,0,0,0,0,0,0,0,0,0,0,0,0,0,0,0,0.020809,0,0,0,0,0,0.038677,0,0,0,0.034946,0,0.00602,0,0,-0.010631,0,0,-0.038371,0,0,0,0,0,0,0
0,0,0,0,0,0,0,0,0,0,0,0,0,0,0,0,0,0,0.022096,0,0,0,0,0,0.040173,0,0,0,0.038519,0,0.0071352,0,0,-0.0118,0,0,-0.040919,0,0,0,0,0,0,0
0,0,0,0,0,0,0,0,0,0,0,0,0,0,0,0,0,0,0.02225,0,0,0,0,0,0.040351,0,0,0,0.038872,0,0.0071708,0,0,-0.011838,0,0,-0.041001,0,0,0,0,0,0,0
0,0,0,0,0,0,0,0,0,0,0,0,0,0,0,0,0,0,0.022155,0,0,0,0,0,0.040241,0,0,0,0.038755,0,0.0072832,0,0,-0.011955,0,0,-0.041213,0,0,0,0,0,0,0
0,0,0,0,0,0,0,0,0,0,0,0,0,0,0,0,0,0,0.021004,0,0,0,0,0,0.038905,0,0,0,0.03556,0,0.0062856,0,0,-0.01091,0,0,-0.038978,0,0,0,0,0,0,0
0,0,0,0,0,0,0,0,0,0,0,0,0,0,0,0,0,0,0.022176,0,0,0,0,0,0.040265,0,0,0,0.038812,0,0.0073011,0,0,-0.011974,0,0,-0.041298,0,0,0,0,0,0,0
0,0,0,0,0,0,0,0,0,0,0,0,0,0,0,0,0,0,0.02712,0,0,0,0,0,0.042003,0,0,0,0.041045,0,0.0064307,0,0,-0.010741,0,0,-0.038613,0,0,0,0,0,0,0
0,0,0,0,0,0,0,0,0,0,0,0,0,0,0,0,0,0,0.022298,0,0,0,0,0,0.040439,0,0,0,0.039142,0,0.0073215,0,0,-0.012006,0,0,-0.041379,0,0,0,0,0,0,0
0,0,0,0,0,0,0,0,0,0,0,0,0,0,0,0,0,0,0.022381,0,0,0,0,0,0.040502,0,0,0,0.024507,0,0,0,0,0,0,0,0,0,0,0,0,0,0,0
0,0,0,0,0,0,0,0,0,0,0,0,0,0,0,0,0,0,0.021149,0,0,0,0,0,0.039049,0,0,0,0.035809,0,0.0063759,0,0,-0.010918,0,0,-0.039011,0,0,0,0,0,0,0
0,0,0,0,0,0,0,0,0,0,0,0,0,0,0,0,0,0,0.022242,0,0,0,0,0,0.04034,0,0,0,0.031997,0,0,0,0,-0.0021804,0,0,-0.019959,0,0,0,0,0,0,0
0,0,0,0,0,0,0,0,0,0,0,0,0,0,0,0,0,0,0.022336,0,0,0,0,0,0.040449,0,0,0,0.024386,0,0,0,0,0,0,0,0,0,0,0,0,0,0,0
0,0,0,0,0,0,0,0,0,0,0,0,0,0,0,0,0,0,0.022339,0,0,0,0,0,0.040453,0,0,0,0.024395,0,0,0,0,0,0,0,0,0,0,0,0,0,0,0
0,0,0,0,0,0,0,0,0,0,0,0,0,0,0,0,0,0,0.02234,0,0,0,0,0,0.040455,0,0,0,0.024399,0,0,0,0,0,0,0,0,0,0,0,0,0,0,0
0,0,0,0,0,0,0,0,0,0,0,0,0,0,0,0,0,0,0.022213,0,0,0,0,0,0.040307,0,0,0,0.038767,0,0.0071381,0,0,-0.011803,0,0,-0.040933,0,0,0,0,0,0,0
0,0,0,0,0,0,0,0,0,0,0,0,0,0,0,0,0,0,0.022092,0,0,0,0,0,0.040172,0,0,0,0.038517,0,0.0071345,0,0,-0.0118,0,0,-0.040925,0,0,0,0,0,0,0
0,0,0,0,0,0,0,0,0,0,0,0,0,0,0,0,0,0,0.022087,0,0,0,0,0,0.040166,0,0,0,0.038502,0,0.0071297,0,0,-0.011794,0,0,-0.040914,0,0,0,0,0,0,0
0,0,0,0,0,0,0,0,0,0,0,0,0,0,0,0,0,0,0.022222,0,0,0,0,0,0.040322,0,0,0,0.0243,0,0,0,0,0,0,0,0,0,0,0,0,0,0,0
0,0,0,0,0,0,0,0,0,0,0,0,0,0,0,0,0,0,0.022076,0,0,0,0,0,0.040153,0,0,0,0.038472,0,0.0071203,0,0,-0.011785,0,0,-0.040892,0,0,0,0,0,0,0
0,0,0,0,0,0,0,0,0,0,0,0,0,0,0,0,0,0,0.0222,0,0,0,0,0,0.040298,0,0,0,0.024171,0,0,0,0,0,0,0,0,0,0,0,0,0,0,0
0,0,0,0,0,0,0,0,0,0,0,0,0,0,0,0,0,0,0.022043,0,0,0,0,0,0.040116,0,0,0,0.038382,0,0.0070923,0,0,-0.011755,0,0,-0.040828,0,0,0,0,0,0,0
0,0,0,0,0,0,0,0,0,0,0,0,0,0,0,0,0,0,0.02216,0,0,0,0,0,0.040251,0,0,0,0.024066,0,0,0,0,0,0,0,0,0,0,0,0,0,0,0
0,0,0,0,0,0,0,0,0,0,0,0,0,0,0,0,0,0,0.022003,0,0,0,0,0,0.040069,0,0,0,0.023723,0,0,0,0,0,0,0,0,0,0,0,0,0,0,0
0,0,0.24789,0.00067635,0,0,0,0,0,0,0,0,0.024472,0.03334,0,0.080552,-0.29094,0.007245,0.058922,0.10203,0.15107,0.36868,0,0.0037592,0,0.28054,0.11675,0.0052571,0.1963,0.079464,0.24054,0,0,0,-0.18321,0,0,0,0,-0.025183,-0.46575,0,-0.28952,0
0,0,0,0,0,0,0,0,0,0,0.0037582,0,0,0,0,0,0,0,0,0,0,0,0,0,0,0,0,0,0,0,0,0,0,0,0,0,0,0,0,0,0,0,0,0
0,0,0,0,0,0,0,0,0,0,0.0019651,0,0,0,0,0,0,0,0,0,0,0,0,0,0,0,0,0,0,0,0,0,0,0,0,0,0,0,0,0,0,0,0,0
0,0,0,0,0,0,0,0,0,0,0,0,0,0,0,0,0,0,0,0,0,0,0,0,0,0,0,0,0,0,0,0,0,0,0,0,0,0,0,0,0,0,0,0
0,0,0,0,0,0,0,0,0,0,0,0,0,0,0,0,0,0,0,0,0,0,0.0097224,0,0,0,0,0,0,0,0,0,0,0,0,0,0.017136,0,0,0,0,0,0,0
0,0,0,0,0,0,0,0,0,0,0,0,0,0,0,0,0,0,0,0,0,0,0.0097316,0,0,0,0,0,0,0,0,0,0,0,0,0,0.017146,0,0,0,0,0,0,0
0,0,0,0,0,0,0,0,0,0,0,0,0,0,0,0,0,0,0,0,0,0,0.010357,0,0,0,0,0,0,0,0,0,0,0,0,0,0.017818,0,0,0,0,0,0,0
0,0,0,0,0,0,0,0,0,0,0.0057427,0.03809,0,0,0,0,-0.091443,0.010893,0.0042293,0.11549,0,0.0022372,0.29466,0.30994,0.04992,0,0,0,0.11659,0,0.015606,0.27534,0,0,-0.088346,0,0,0,0,0,0,0,-0.13677,0
0,0,0,0,0,0,0,0,0,0,0,0,0,0,0,0,0,0,0,0,0,0,0,0,0,0,0,0,0,0,0,0,0,0,0,0,0,0,0,0,0,0,0,0
0,0,0.034175,0,0.061309,0,0,0,0.024916,0,0,0,0,0.011117,0,0,0,0,0.025644,0,0,0.057588,0,0.11184,0.013194,0.036266,0,0.020123,0.011811,0,0.058876,0,0,0,0,0,0,0,0,0,0,0,-0.083841,0
0,0,0,0,0,0,0,0,0,0,0,0,0,0,0,0,0,0,0,0,0,0,0,0,0,0,0,0,0,0,0,0,0,0,0,0,0,0,0,0,0,0,0,0
0,0,0,0,0,0,0,0,0,0,0,0,0,0,0,0,0,0,0,0,0,0,0,0,0,0,0,0,0,0,0,0,0,0,0,0,0,0,0,0,0,0,0,0
0,0,0,0,0,0,0,0,0,0,0,0,0,0,0,0,0,0,0,0,0,0,0,0,0,0,0,0,0,0,0,0,0,0,0,0,0,0,0,0,0,0,0,0
0,0,0,0,0,0,0,0,0,0,0,0,0,0,0,0,0,0,0,0,0,0,0,0,0,0,0,0,0,0,0,0,0,0,0,0,0,0,0,0,0,0,0,0
0,0,0,0,0,0,0,0,0,0,0,0,0,0,0,0,0,0,0,0,0,0,0,0,0,0,0,0,0,0,0,0,0,0,0,0,0,0,0,0,0,0,0,0
0,0,0,0,0,0,0,0,0,0,0,0,0,0,0,0,0,0,0,0,0,0,0,0,0,0,0,0,0,0,0,0,0,0,0,0,0,0,0,0,0,0,0,0
0,0,0,0,0,0,0,0,0,0,0,0,0,0,0,0,0,0,0,0,0,0,0,0,0,0,0,0,0,0,0,0,0,0,0,0,0,0,0,0,0,0,0,0
0,0,0,0,0,0,0,0,0,0,0,0,0,0,0,0,0,0,0,0,0,0,0,0,0,0,0,0,0,0,0,0,0,0,0,0,0,0,0,0,0,0,0,0
0,0,0,0,0,0,0,0,0,0,0,0,0,0,0,0,0,0,0,0,0,0,0,0,0,0,0,0,0,0,0,0,0,0,0,0,0,0,0,0,0,0,0,0
0,0,0,0,0,0,0,0,0,0,0,0,0,0,0,0,0,0,0,0,0,0,0,0,0,0,0,0,0,0,0,0,0,0,0,0,0,0,0,0,0,0,0,0
0,0,0,0,0,0,0,0,0,0,0,0,0,0,0,0,0,0,0,0,0,0,0,0,0,0,0,0,0,0,0,0,0,0,0,0,0,0,0,0,0,0,0,0
0,0,0,0,0,0,0,0,0,0,0,0,0,0,0,0,0,0,0,0,0,0,0,0,0,0,0,0,0,0,0,0,0,0,0,0,0,0,0,0,0,0,0,0
0,0,0,0,0,0,0,0,0,0,0,0,0,0,0,0,0,0,0,0,0,0,0,0,0,0,0,0,0,0,0,0,0,0,0,0,0,0,0,0,0,0,0,0
0,0,0,0,0,0,0,0,0,0,0,0,0,0,0,0,0,0,0,0,0,0,0,0,0,0,0,0,0,0,0,0,0,0,0,0,0,0,0,0,0,0,0,0
0,0,0,0,0,0,0,0,0,0,0,0,0,0,0,0,0,0,0,0,0,0,0,0,0,0,0,0,0,0,0,0,0,0,0,0,0,0,0,0,0,0,0,0
0,0,0,0,0,0,0,0,0,0,0,0,0,0,0,0,0,0,0,0,0,0,0,0,0,0,0,0,0,0,0,0,0,0,0,0,0,0,0,0,0,0,0,0
0,0,0,0,0,0,0,0,0,0,0,0,0,0,0,0,0,0,0,0,0,0,0,0,0,0,0,0,0,0,0,0,0,0,0,0,0,0,0,0,0,0,0,0
0,0,0,0,0,0,0,0,0,0,0,0,0,0,0,0,0,0,0,0,0,0,0,0,0,0,0,0,0,0,0,0,0,0,0,0,0,0,0,0,0,0,0,0
0,0,0,0,0,0,0,0,0,0,0,0,0,0,0,0,0,0,0,0,0,0,0,0,0,0,0,0,0,0,0,0,0,0,0,0,0,0,0,0,0,0,0,0
0,0,0,0,0,0,0,0,0,0,0,0,0,0,0,0,0,0,0,0,0,0,0,0,0,0,0,0,0,0,0,0,0,0,0,0,0,0,0,0,0,0,0,0
0,0,0,0,0,0,0,0,0,0,0,0,0,0,0,0,0,0,0,0,0,0,0,0,0,0,0,0,0,0,0,0,0,0,0,0,0,0,0,0,0,0,0,0
0,0,0,0,0,0,0,0,0,0,0,0,0,0,0,0,0,0,0,0,0,0,0,0,0,0,0,0,0,0,0,0,0,0,0,0,0,0,0,0,0,0,0,0
0,0,0,0,0,0,0,0,0,0,0,0,0,0,0,0,0,0,0,0,0,0,0,0,0,0,0,0,0,0,0,0,0,0,0,0,0,0,0,0,0,0,0,0
0,0,0,0,0,0,0,0,0,0,0,0,0,0,0,0,0,0,0,0,0,0,0,0,0,0,0,0,0,0,0,0,0,0,0,0,0,0,0,0,0,0,0,0
0,0,0,0,0,0,0,0,0,0,0,0,0,0,0,0,0,0,0,0,0,0,0,0,0,0,0,0,0,0,0,0,0,0,0,0,0,0,0,0,0,0,0,0
0,0,0,0,0,0,0,0,0,0,0,0,0,0,0,0,0,0,0,0,0,0,0,0,0,0,0,0,0,0,0,0,0,0,0,0,0,0,0,0,0,0,0,0
0,0,0,0,0,0,0,0,0,0,0,0,0,0,0,0,0,0,0,0,0,0,0,0,0,0,0,0,0,0,0,0,0,0,0,0,0,0,0,0,0,0,0,0
0,0,0,0,0,0,0,0,0,0,0,0,0,0,0,0,0,0,0,0,0,0,0,0,0,0,0,0,0,0,0,0,0,0,0,0,0,0,0,0,0,0,0,0
0,0,0,0,0,0,0,0,0,0,0,0,0,0,0,0,0,0,0,0,0,0,0,0,0,0,0,0,0,0,0,0,0,0,0,0,0,0,0,0,0,0,0,0
0,0,0,0,0,0,0,0,0,0,0,0,0,0,0,0,0,0,0,0,0,0,0,0,0,0,0,0,0,0,0,0,0,0,0,0,0,0,0,0,0,0,0,0
0,0,0,0,0,0,0,0,0,0,0,0,0,0,0,0,0,0,0,0,0,0,0,0,0,0,0,0,0,0,0,0,0,0,0,0,0,0,0,0,0,0,0,0
0,0,0,0,0,0,0,0,0,0,0,0,0,0,0,0,0,0,0,0,0,0,0,0,0,0,0,0,0,0,0,0,0,0,0,0,0,0,0,0,0,0,0,0
0,0,0,0,0,0,0,0,0,0,0,0,0,0,0,0,0,0,0,0,0,0,0,0,0,0,0,0,0,0,0,0,0,0,0,0,0,0,0,0,0,0,0,0
0,0,0,0,0,0,0,0,0,0,0,0,0,0,0,0,0,0,0,0,0,0,0,0,0,0,0,0,0,0,0,0,0,0,0,0,0,0,0,0,0,0,0,0
0,0,0,0,0,0,0,0,0,0,0,0,0,0,0,0,0,0,0,0,0,0,0,0,0,0,0,0,0,0,0,0,0,0,0,0,0,0,0,0,0,0,0,0
0,0,0,0,0,0,0,0,0,0,0,0,0,0,0,0,0,0,0,0,0,0,0,0,0,0,0,0,0,0,0,0,0,0,0,0,0,0,0,0,0,0,0,0
0,0,0,0,0,0,0,0,0,0,0,0,0,0,0,0,0,0,0,0,0,0,0,0,0,0,0,0,0,0,0,0,0,0,0,0,0,0,0,0,0,0,0,0
0,0,0,0,0,0,0,0,0,0,0,0,0,0,0,0,0,0,0,0,0,0,0,0,0,0,0,0,0,0,0,0,0,0,0,0,0,0,0,0,0,0,0,0
0,0,0,0,0,0,0,0,0,0,0,0,0,0,0,0,0,0,0,0,0,0,0,0,0,0,0,0,0,0,0,0,0,0,0,0,0,0,0,0,0,0,0,0
0,0,0,0,0,0,0,0,0,0,0,0,0,0,0,0,0,0,0,0,0,0,0,0,0,0,0,0,0,0,0,0,0,0,0,0,0,0,0,0,0,0,0,0
0,0,0,0,0,0,0,0,0,0,0,0,0,0,0,0,0,0,0,0,0,0,0,0,0,0,0,0,0,0,0,0,0,0,0,0,0,0,0,0,0,0,0,0
0,0,0,0,0,0,0,0,0,0,0,0,0,0,0,0,0,0,0,0,0,0,0,0,0,0,0,0,0,0,0,0,0,0,0,0,0,0,0,0,0,0,0,0
0,0,0,0,0,0,0,0,0,0,0,0,0,0,0,0,0,0,0,0,0,0,0,0,0,0,0,0,0,0,0,0,0,0,0,0,0,0,0,0,0,0,0,0
0,0,0,0,0,0,0,0,0,0,0,0,0,0,0,0,0,0,0,0,0,0,0,0,0,0,0,0,0,0,0,0,0,0,0,0,0,0,0,0,0,0,0,0
0,0,0,0,0,0,0,0,0,0,0,0,0,0,0,0,0,0,0,0,0,0,0,0,0,0,0,0,0,0,0,0,0,0,0,0,0,0,0,0,0,0,0,0
0,0,0,0,0,0,0,0,0,0,0,0,0,0,0,0,0,0,0,0,0,0,0,0,0,0,0,0,0,0,0,0,0,0,0,0,0,0,0,0,0,0,0,0
0,0,0,0,0,0,0,0,0,0,0,0,0,0,0,0,0,0,0,0,0,0,0,0,0,0,0,0,0,0,0,0,0,0,0,0,0,0,0,0,0,0,0,0
0,0,0,0,0,0,0,0,0,0,0,0,0,0,0,0,0,0,0,0,0,0,0,0,0,0,0,0,0,0,0,0,0,0,0,0,0,0,0,0,0,0,0,0
0,0,0,0,0,0,0,0,0,0,0,0,0,0,0,0,0,0,0,0,0,0,0,0,0,0,0,0,0,0,0,0,0,0,0,0,0,0,0,0,0,0,0,0
0,0,0,0,0,0,0,0,0,0,0,0,0,0,0,0,0,0,0,0,0,0,0,0,0,0,0,0,0,0,0,0,0,0,0,0,0,0,0,0,0,0,0,0
0,0,0,0,0,0,0,0,0,0,0,0,0,0,0,0,0,0,0,0,0,0,0,0,0,0,0,0,0,0,0,0,0,0,0,0,0,0,0,0,0,0,0,0
0,0,0,0,0,0,0,0,0,0,0,0,0,0,0,0,0,0,0,0,0,0,0,0,0,0,0,0,0,0,0,0,0,0,0,0,0,0,0,0,0,0,0,0
0,0,0,0,0,0,0,0,0,0,0,0,0,0,0,0,0,0,0,0,0,0,0,0,0,0,0,0,0,0,0,0,0,0,0,0,0,0,0,0,0,0,0,0
0,0,0,0,0,0,0,0,0,0,0,0,0,0,0,0,0,0,0,0,0,0,0,0,0,0,0,0,0,0,0,0,0,0,0,0,0,0,0,0,0,0,0,0
0,0,0,0,0,0,0,0,0,0,0,0,0,0,0,0,0,0,0,0,0,0,0,0,0,0,0,0,0,0,0,0,0,0,0,0,0,0,0,0,0,0,0,0
0,0,0,0,0,0,0,0,0,0,0,0,0,0,0,0,0,0,0,0,0,0,0,0,0,0,0,0,0,0,0,0,0,0,0,0,0,0,0,0,0,0,0,0
0,0,0,0,0,0,0,0,0,0,0,0,0,0,0,0,0,0,0,0,0,0,0,0,0,0,0,0,0,0,0,0,0,0,0,0,0,0,0,0,0,0,0,0
0,0,0,0,0,0,0,0,0,0,0,0,0,0,0,0,0,0,0,0,0,0,0,0,0,0,0,0,0,0,0,0,0,0,0,0,0,0,0,0,0,0,0,0
0,0,0,0,0,0,0,0,0,0,0,0,0,0,0,0,0,0,0,0,0,0,0,0,0,0,0,0,0,0,0,0,0,0,0,0,0,0,0,0,0,0,0,0
0,0,0,0,0,0,0,0,0,0,0,0,0,0,0,0,0,0,0,0,0,0,0,0,0,0,0,0,0,0,0,0,0,0,0,0,0,0,0,0,0,0,0,0
0,0,0,0,0,0,0,0,0,0,0,0,0,0,0,0,0,0,0,0,0,0,0,0,0,0,0,0,0,0,0,0,0,0,0,0,0,0,0,0,0,0,0,0
0,0,0,0,0,0,0,0,0,0,0,0,0,0,0,0,0,0,0,0,0,0,0,0,0,0,0,0,0,0,0,0,0,0,0,0,0,0,0,0,0,0,0,0
0,0,0,0,0,0,0,0,0,0,0,0,0,0,0,0,0,0,0,0,0,0,0,0,0,0,0,0,0,0,0,0,0,0,0,0,0,0,0,0,0,0,0,0
0,0,0,0,0,0,0,0,0,0,0,0,0,0,0,0,0,0,0,0,0,0,0,0,0,0,0,0,0,0,0,0,0,0,0,0,0,0,0,0,0,0,0,0
0,0,0,0,0,0,0,0,0,0,0,0,0,0,0,0,0,0,0,0,0,0,0,0,0,0,0,0,0,0,0,0,0,0,0,0,0,0,0,0,0,0,0,0
0,0,0,0,0,0,0,0,0,0,0,0,0,0,0,0,0,0,0,0,0,0,0,0,0,0,0,0,0,0,0,0,0,0,0,0,0,0,0,0,0,0,0,0
0,0,0,0,0,0,0,0,0,0,0,0,0,0,0,0,0,0,0,0,0,0,0,0,0,0,0,0,0,0,0,0,0,0,0,0,0,0,0,0,0,0,0,0
0,0,0,0,0,0,0,0,0,0,0,0,0,0,0,0,0,0,0,0,0,0,0,0,0,0,0,0,0,0,0,0,0,0,0,0,0,0,0,0,0,0,0,0
0,0,0,0,0,0,0,0,0,0,0,0,0,0,0,0,0,0,0,0,0,0,0,0,0,0,0,0,0,0,0,0,0,0,0,0,0,0,0,0,0,0,0,0
0,0,0,0,0,0,0,0,0,0,0,0,0,0,0,0,0,0,0,0,0,0,0,0,0,0,0,0,0,0,0,0,0,0,0,0,0,0,0,0,0,0,0,0
0,0,0,0,0,0,0,0,0,0,0,0,0,0,0,0,0,0,0,0,0,0,0,0,0,0,0,0,0,0,0,0,0,0,0,0,0,0,0,0,0,0,0,0
0,0.018777,0.027955,0.017525,0.011815,0.013181,0,0,0,0,0,0,0,0,0,0,0,0,0,0,0,0,0,0,0,0,0,0.023219,0,0,0.015797,0,0,0,0,0,-0.01162,0,0,0,0,0,0,0
0,0.052385,0.047766,0.035679,0.04426,0.030598,0,0,0,0,0,0,0,0,0,0,0,0,0,0,0,0,0,0,0,0,0,0.042294,0,0,0.033656,0,0,0,0,0,-0.028778,0,0,0,0,0,0,0
0,0,0,0,0,0,0,0,0,0,0,0,0,0,0,0,0,0,0,0,0,0,0,0,0,0,0,0,0,0,0,0,0,0,0,0,0,0,0,0,0,0,0,0
0,0,0,0,0,0,0,0,0,0,0,0,0,0,0,0,0,0,0,0,0,0,0,0,0,0,0,0,0,0,0,0,0,0,0,0,0,0,0,0,0,0,0,0
0,0,0,0,0,0,0,0,0,0,0,0,0,0,0,0,0,0,0,0,0,0,0,0,0,0,0,0,0,0,0,0,0,0,0,0,0,0,0,0,0,0,0,0
0,0,0,0,0,0,0,0,0,0,0,0,0,0,0,0,0,0,0,0,0,0,0,0,0,0,0,0,0,0,0,0,0,0,0,0,0,0,0,0,0,0,0,0
0,0,0,0,0,0,0,0,0,0,0,0,0,0,0,0,0,0,0,0,0,0,0,0,0,0,0,0,0,0,0,0,0,0,0,0,0,0,0,0,0,0,0,0
0,0,0,0,0,0,0,0,0,0,0,0,0,0,0,0,0,0,0.030041,0,0,0.037748,0,0,0.014316,0,0,0,0.048059,0,0.0039301,0,0,0,0,0,0,0,0,0,0,0,0,0
